id;nombre;paterno;materno;estado_civil;nacionalidad;profesion;rut;calle;numero;comuna;telefono;celular;estado
1;calculating;24/7 1080p back-end;intuitive Amarillo;Sorprendente;Fantástico circuit P;target monitor;"0.741.970-5";terciaria wireless;Kazajistan;intermedia;Rústico Orígenes;Gris Senior;ON
2;Guyana Global bandwidth;Increible;producto;Fácil Canarias;Marroquinería Planif;Administrador payment;"83.452.295-3";Aragón Granada;Práctico p;up;de Pantalones Market;Metal navigating;OFF
3;Andalucía Andalucía;optimize Plástico;Enfocado archivo hack;Partida THX empresa;Eslovaquia precios;Rojo;"26.088.001-1";Solomon regional deposit;sensor fri;deposit;Kenia index;revolutionize;ON
4;ADP;Heredado;indexing;calculating;generate Burkina Alg;intranet;"5.557.377-K";Raton Rústico;Cambridges;haptic Joyería;Implementación Grupo;Web Algodón Adelante;ON
5;Plástico;Hormigon bricks-and-clicks;Borders encriptar ADP;Regional;Arabia Parafarmacia;Grupo;"18.952.736-6";Producto Verde Torrente;auxiliary;deposit Sabroso Comodos;Administrador;Pequeño integrated pixel;ON
6;communities;groupware arquitectura Artesanal;payment Cantabria;Sector indexing;Prolongación Inverso;Cuentas;"92.008.504-9";orchestrate Configuración Genérico;Especialis;payment Bolivar;value-added sinergia Central;mano Ladrillo Checking;ON
7;capacitor AI;Regional;Ladrillo infraestructura;Cataluña Sopa servic;auxiliary bypassing ;feed Japón Genérico;"24.807.695-k";content quantifying;withdrawal;direccional algoritmo;connect;Director Plástico Relacciones;ON
8;Pequeño Toallas;Cuesta reboot withdrawal;Subida Dinar users;Patatas acceso invoi;e-services generatin;4th;"17.640.507-4";intermedia portal navigating;firmware A;bypass virtual;compress Aplicaciones;División;OFF
9;program Salida orquestar;Argentina;content copying deposit;Queso;Plástico;partnerships Madera;"96.182.871-0";deposit;Queso prog;Senior neural;Account de;Ergonómico Explanada;OFF
10;Indonesia Queso port;Amigable Cantabria Algodón;demanda drive Cliente;Increible Bedfordshi;benficios programmin;Marroquinería Gris;"7.599.770-3";Account;SAS connec;Borders;Pantalones Berkshire Aragón;Papelería TCP Pelota;OFF
